{
  "q": {
    "33": [
      -10.051047,
      8.752579,
      11.5825405
    ],
    "17": [
      -10.230536,
      10.975891,
      6.2784476
    ],
    "29": [
      -11.048544,
      4.7639623,
      -10.831873
    ],
    "3": [
      -9.372097,
      -11.580901,
      6.4451537
    ],
    "49": [
      -9.886333,
      8.053281,
      6.4885507
    ],
    "5": [
      -7.869338,
      4.72606,
      -7.3348203
    ],
    "52": [
      7.057705,
      4.1110086,
      -9.61291
    ],
    "50": [
      -9.615532,
      -7.621655,
      0.0045214146
    ],
    "12": [
      8.980953,
      5.240598,
      -10.234687
    ],
    "39": [
      -11.706043,
      -12.266386,
      -10.638229
    ],
    "23": [
      -6.8173327,
      -7.7578907,
      -4.636759
    ],
    "11": [
      -10.330657,
      -9.860211,
      4.662602
    ],
    "8": [
      8.76789,
      5.4471684,
      3.2909403
    ],
    "28": [
      7.0211053,
      3.6945953,
      -10.556993
    ],
    "4": [
      4.7908797,
      4.027322,
      -7.3493037
    ],
    "18": [
      -4.124826,
      -4.421499,
      -7.2352557
    ],
    "53": [
      -11.749549,
      3.5560338,
      -9.742986
    ],
    "25": [
      -9.993235,
      3.6639636,
      5.808977
    ],
    "54": [
      4.4519415,
      -12.655897,
      -6.867242
    ],
    "1": [
      -11.149813,
      4.8266373,
      5.0293064
    ],
    "48": [
      7.62757,
      7.617826,
      6.108972
    ],
    "10": [
      4.831715,
      -9.511802,
      4.4888024
    ],
    "7": [
      -11.010476,
      -9.155147,
      -7.674193
    ],
    "2": [
      0.036804974,
      -5.4524875,
      6.1893325
    ],
    "20": [
      5.4878793,
      13.881666,
      -10.167436
    ],
    "51": [
      -9.000216,
      -9.598159,
      5.674762
    ],
    "9": [
      -10.654468,
      7.743185,
      4.403043
    ],
    "38": [
      5.8646417,
      -11.148578,
      -12.550845
    ],
    "30": [
      5.962305,
      -10.441741,
      -10.283778
    ],
    "13": [
      -8.201217,
      5.603714,
      -9.7733345
    ],
    "6": [
      5.868323,
      -5.2922864,
      -5.729883
    ],
    "0": [
      5.9525,
      3.3833969,
      3.177963
    ],
    "31": [
      -13.28232,
      -7.883895,
      -13.520072
    ],
    "32": [
      5.0333357,
      6.1675577,
      11.469224
    ],
    "55": [
      -14.333441,
      -9.873934,
      -10.331169
    ],
    "35": [
      -10.13209,
      -10.021772,
      9.553326
    ],
    "16": [
      7.8445864,
      13.200153,
      8.009644
    ],
    "27": [
      -8.508042,
      -9.34569,
      6.2666216
    ],
    "37": [
      -8.389775,
      4.6455584,
      -11.43888
    ],
    "19": [
      -13.917327,
      -8.102596,
      4.2469873
    ],
    "21": [
      -10.261603,
      10.705364,
      -8.692286
    ],
    "14": [
      4.203534,
      -10.903636,
      -9.559707
    ],
    "24": [
      9.871943,
      6.7855177,
      5.0771976
    ],
    "36": [
      4.063512,
      3.9305243,
      -10.767193
    ],
    "15": [
      -9.732384,
      -10.006374,
      -13.2695
    ],
    "26": [
      0.99110055,
      -5.713397,
      -5.609348
    ],
    "22": [
      10.061307,
      -7.03395,
      -4.3822913
    ],
    "34": [
      -0.47589853,
      -10.239752,
      6.403534
    ]
  },
  "epsilon": 0.1,
  "min_epsilon": 0.1,
  "decay": 0.9985,
  "alpha": 0.4,
  "gamma": 0.95,
  "steps": 1534212,
  "episodes": 6756
}